,Title,Author,Media
0,Book Review 邪なき言葉がつくる邪な世界[林奕含著/泉京鹿訳 房思琪(ファン・スーチー)の初恋の楽園],濱田 麻矢,"東方 (470), 32-35, 2020-04"
1,映画『初恋』三池崇史監督に聞く,"三池 崇史,堀木 三紀","映画テレビ技術 = The motion picture & TV engineering (811), 24-27, 2020-03"
2,"「初恋」監督・三池崇史が語る 「俳優・窪田正孝」論 (2020の窪田正孝 初恋 15年目の入り口で思う10年前の""原点""と今とこれからと)","三池 崇史,平田 真人","キネマ旬報 (1831), 29-31, 2020-02-10"
3,"2020の窪田正孝 初恋 15年目の入り口で思う10年前の""原点""と今とこれからと (2020の窪田正孝 初恋 15年目の入り口で思う10年前の""原点""と今とこれからと)",平田 真人,"キネマ旬報 (1831), 18-28, 2020-02-10"
4,週現『熱討スタジアム』(第346回)最高視聴率55.3% 「妾の子」の哀しい初恋に日本中が涙した 沢口靖子 NHK朝ドラ『澪つくし』を語ろう,"ジェームス三木,川野 太郎,ペリー荻野","週刊現代 61(35), 152-155, 2019-11-23"
5,戦争と児童文学(9)船場のぼんぼんの初恋と戦争 : 今江祥智『ぼんぼん』 : 生き延びるための言葉を探して,繁内 理恵,"みすず 61(9), 24-35, 2019-10"
6,真梨幸子『初恋さがし』刊行記念対談 驚かせて、喜ばせて。最高の仕事です。 (真梨幸子『初恋さがし』刊行記念特集),"真梨 幸子,長江 俊和","波 53(6), 8-11, 2019-06"
7,初恋 : お父さん、チビがいなくなりました,本調 有香,"シナリオ : 映画芸術の原点 : Scenarioの月刊誌 75(6), 6-33, 2019-06"
8,『初恋 : お父さん、チビがいなくなりました』で映画初共演 五〇年連れ添った夫婦の孤独と純愛描く,"藤 竜也,倍賞 千恵子","第三文明 (714), 6-10, 2019-06"
9,アートな時間 映画 初恋 : お父さん、チビがいなくなりました : 二人の名優が織りなす会話の妙 老後の生き方を考えさせる秀作,寺脇 研,"エコノミスト 97(19), 92-93, 2019-05-14"
10,撮影報告 初恋 お父さん、チビがいなくなりました,清久 素延,"映画撮影 (221), 14-17, 2019-05"
11,連続インタビュー 新・私の「大往生」(2)出口治明(70) 大学学長 55歳で書いた遺書。 異国の街角で、初恋を思い出しながら死ねたら (60周年記念特大号),出口 治明,"週刊文春 61(13), 162-165, 2019-04-04"
12,特別な他者と新しい自分が出会う初恋の発達論 (特集 ハジメテノ恋),木下 孝司,"みんなのねがい (632), 31-33, 2019-01"
13,私と、初恋 (特集 ハジメテノ恋),,"みんなのねがい (632), 24-30, 2019-01"
14,彝族の詩人・吉狄馬加について,渡辺 新一,"人文研紀要 (94), 57-81, 2019"
15,西城秀樹(2)広島、父の鉄拳、そして初恋,森 功,"週刊文春 60(38), 32-36, 2018-10-11"
16,あえて言います 眞子さま、初恋を貫いて!,"林 真理子,東村 アキコ","文芸春秋 96(9), 122-129, 2018-09"
17,バルザック『続女性研究』を読む 　ーアンリ・ド・マルセーの恋―,"柏木 隆雄,Takao KASHIWAGI","大手前大学論集 = Otemae Journal (18), 153-186, 2018-07-31"
18,青春ドラマの名脇役 小倉一郎 夫婦で赤裸々対談 初恋の人と40年越しの「新婚初夜」 (体験告白特集 あの性春の日々に帰ろう),"小倉 一郎,小倉 まき","週刊現代 60(19), 146-148, 2018-05-26"
19,Life/style MOVIES ひと夏の経験 : 少年が知った初恋 : 話題作,,"Newsweek = ニューズウィーク 33(17), 66-67, 2018-05-01"
20,実践・中学校 初恋(国語 : 性教協静岡サークル) (特集 学校で性教育をはじめるために(その2)ゆたかで多様な実践の可能性),"石田 智子,山下 泰","Sexuality (86), 50-59, 2018-04"
21,川端康成における初恋をテーマとした創作についての考察,戴 松林,"千葉大学人文公共学研究論集 = Journal of studies on humanities and public affairs of Chiba University (36), 34-50, 2018-03"
22,竹幽文庫蔵『香道籬之菊』の紹介 : 和歌を主題とする組香(3),"矢野 環,福田 智子,Tamaki Yano,Tomoko Fukuda,ヤノ タマキ,フクダ トモコ","社会科学 = The social sciences 47(1), 13-35, 2017-05"
23,特集 19年ぶりの日本出身横綱の初恋は幼稚園の先生? 綱より難しい「稀勢の里」嫁取り物語,,"週刊新潮 62(5), 22-24, 2017-02-02"
24,週現『熱討スタジアム』(第224回)思春期を迎えた純の初恋、そして別れ……国民的ドラマシリーズの最高傑作 『北の国から'87初恋』を語ろう,"横山 めぐみ,大根 仁,山田 良明","週刊現代 59(3), 176-179, 2017-01-14"
25,初恋とダイエットと (特集 食べること、装うこと),藤井 智美,"統合失調症のひろば (10), 26-31, 2017"
26,<b>箱庭に表現された『結婚』イメージについて</b>:―<b>大学生の箱庭と教員の箱庭を比較して</b>―,生島 博之,"徳島文理大学研究紀要 93(0), 1-14, 2017"
27,書評 張良澤・高坂嘉玲編『苦雨戀春風 青年鍾肇政初戀情書集』 (天理台湾学会 第25回記念研究大会記念号),高橋 明郎,"天理臺灣學報 (25), 196-200, 2016-07"
28,物忘れや度忘れで「歳」と感じる 初恋の人の名前を10人に1人が失念 避けられないもの忘れの自覚症状を検証,日清オイリオグループ(株)中鎖脂肪酸認知症リスク対策プロジェクト調査,"総合食品 39(8), 43-45, 2016-01"
29,critic 劇評 クレシダの白いブーツ : 世田谷パブリックシアター【トロイラスとクレシダ】 東京芸術劇場【COCOON : 憧れも、初恋も、爆撃も、死も】 Tプロジェクト【堅塁奪取】【愛をこめてあなたを憎む】 俳優座劇場【音楽劇 わが町】,結城 雅秀,"テアトロ (908), 32-34, 2015-09"
30,週現『熱討スタジアム』(第157回)村下孝蔵『初恋』を語ろう,"経田 康,嶋田 富士彦,沢田 聖子","週刊現代 57(24), 150-153, 2015-07-04"
31,武士道への道(5)わが初恋人生相談 三島由紀夫がくれた金言,"執行 草舟,樋渡 優子","歴史通 (36), 233-251, 2015-05"
32,風待ちの女 : 遊歴算家山口和の初恋,鳴海 風 [作],"数学文化 (23), 99-93, 2015-02"
33,雷蔵、37年の生涯 (映画デビュー60周年『雷蔵祭 初恋』 市川雷蔵 : 虚無と一抹の哀愁に、恋する),,"キネマ旬報 (1679), 32-41, 2015-01"
34,発掘! 未発表ロングインタビュー 勝新太郎、雷蔵を語る : 市川雷蔵という匂いが見えてくる。 (映画デビュー60周年『雷蔵祭 初恋』 市川雷蔵 : 虚無と一抹の哀愁に、恋する),"勝 新太郎,橋本 光恵 [取材・文]","キネマ旬報 (1679), 24-29, 2015-01"
35,映画デビュー60周年『雷蔵祭 初恋』 市川雷蔵「美」と「素顔」 : 心の波,,"キネマ旬報 (1679), 10-14, 2015-01"
36,剣 : 脚本:舟橋和郎 原作:三島由紀夫 監督:三隅研次(1964年作品) (映画デビュー60周年記念 雷蔵祭 初恋 市川雷蔵主演映画シナリオ特集),舟橋 和郎 [脚本],"シナリオ 70(9), 62-93, 2014-09"
37,斬る : 脚本:新藤兼人 : 原作:柴田錬三郎 監督:三隅研次(1962年作品) (映画デビュー60周年記念 雷蔵祭 初恋 市川雷蔵主演映画シナリオ特集),新藤 兼人 [脚本],"シナリオ 70(9), 42-61, 2014-09"
38,ある殺し屋 : 脚本:増村保造 石松愛弘 原作:藤原審爾「前夜」より 監督:森一生(1967年作品) (映画デビュー60周年記念 雷蔵祭 初恋 市川雷蔵主演映画シナリオ特集),"増村 保造 [脚本],石松 愛弘 [脚本]","シナリオ 70(9), 16-39, 2014-09"
39,上映作品 全46作 (映画デビュー60周年記念 雷蔵祭 初恋 市川雷蔵主演映画シナリオ特集),,"シナリオ 70(9), 10-13,94-97, 2014-09"
40,シナリオ評特別編 『剣』『斬る』『ある殺し屋』 (映画デビュー60周年記念 雷蔵祭 初恋 市川雷蔵主演映画シナリオ特集),モルモット吉田,"シナリオ 70(9), 6-9, 2014-09"
41,中高年ノート(44)初恋の思い出から災害支援まで 「深夜のラジオ」が高齢者を癒やし励ます : 『ラジオ深夜便』や『JET STREAM』など孤独と寂しさを吹き飛ばす番組が,,"Themis 23(8), 94-95, 2014-08"
42,"『百瀬、こっちを向いて。』脚本家インタビュー 狗飼恭子 : 大人になった男が""初恋""から自由になる瞬間を描こうと思った",狗飼 恭子,"シナリオ 70(6), 4-9, 2014-06"
43,韓国と日本のテレビドラマにみる家族関係と父親像 : 『初恋』と『フリーター、家を買う』を手がかりとして,崔 寶允,"比較文化研究 = Studies in comparative culture (111), 141-152, 2014-04-30"
44,"初恋,突風,卒業",島名 毅,"紀要 (44), 171-174, 2014-03-31"
45,『黄色い大地』『初恋のきた道』と「改革開放」,松村 茂樹,"コミュニケーション文化論集 : 大妻女子大学コミュニケーション文化学会機関誌 (12), 37-43, 2014-03"
46,Michael Chabon : The Amazing Adventures of Kavalier & Clay : セクシュアリティーの覚醒から初恋の終りまで,三宅 彩萌,"Immaculata (18), 37-45, 2014"
47,川端康成「母の初恋」論 : 「姉の和解」『千羽鶴』に触れて (特集 谷崎・芥川・川端 : 芸術と生活),中嶋 展子,"芸術至上主義文芸 (39), 76-85, 2013-11"
48,アートな時間 映画 ある会社員 : 殺人契約で働く男の初恋 スピード感と繊細さが魅力,寺脇 研,"エコノミスト 91(24), 66, 2013-06-04"
49,テーマ別 連続アンケを専門家が読み解く 女のリアル : 20~60代 167人の「生」と「性」(4)初恋編(下)初恋の相手に会いたい人、会いたくない人、会っている人…,,"サンデー毎日 92(9), 163-165, 2013-03-10"
50,テーマ別 連続アンケを専門家が読み解く 女のリアル : 20~60代 167人の「生」と「性」(3)初恋編(上)年齢問わず「忘れていない」,,"サンデー毎日 92(8), 140-142, 2013-03-03"
51,幼い日々の憧れ : 私の初恋 (特集 男の子・女の子),,"児童心理 67(4), 311-323, 2013-03"
52,中高年ノート 青春回顧だけではない 同窓会 : 生きがい発見から初恋の思い出まで : 地域の高齢者対象の相談窓口を開いたり医療情報の交換など同窓会をきっかけに,,"Themis 22(2), 98-99, 2013-02"
53,<i>Leschenaultia biloba</i>，<i>L. formosa</i>およびそれらの種間雑種の花色とアントシアニン組成について,"立澤 文見,加藤 一幾,永松 義博 [他],庄野 浩資,土岐 健次郎,斎藤 規夫","園芸学研究 12(1), 23-28, 2013"
54,向こうがわの蜂(第35回)初恋の人,池永 陽,"文蔵 86, 274-291, 2012-12"
55,作家金満成について(付 : 小説「少女の初恋」全訳),米井 由美,"中国研究 (20), 27-49, 2012-12"
56,韓流ドラマに見る家父長制下の核家族 : ドラマ『初恋』を手掛かりとして,崔 寶允,"宇都宮大学国際学部研究論集 (34), 119-133, 2012-09"
57,音楽に恋をして 評伝 湯川れい子(Vol.2)Sleepy Lagoon : 女優、ジャズ、初恋 もがき続けた青春時代,和田 靜香,"週刊朝日 117(21), 39-44, 2012-05-18"
58,加工・業務用キャベツにおける作型別大玉収穫可能品種の検索,"渡邉 圭太,小河 毅,斎藤 隆雄","兵庫県立農林水産技術総合センター研究報告. 農業編 -(60), 19-24, 2012-03"
59,中高年を「不倫」に誘(いざな)うことも 同窓会急増中 「思い出」と「危険」がいっぱい : 旧友と青春を語り初恋相手に再会する楽しみもあるが会を利用した勧誘なども,,"Themis 21(2), 82-83, 2012-02"
60,初恋の相手,なとり ちづ,"ほいくる : こどもの豊かな成長を願う、保育にかかわる人たちへ。 (5), 4-6, 2012"
61,初恋 (韓国文学の旅 全鏡潾),"全 鏡潾,キム ミョンスン [訳]","Koreana : 韓国の芸術と文化 18(4), 88-103, 2011-24"
62,男性性の喪失とジェンダー・ポリティクスの攻防 : 昭和ノスタルジア映画のジェンダー表象(第2部)『フラガール』と『初恋』,日高 勝之,"立命館産業社会論集 47(2), 65-88, 2011-09"
63,宮崎あおいと高岡蒼甫 格差婚4年「語られざるドラマ」--14歳の初恋、自殺未遂、自宅で大暴れ,,"週刊文春 53(32), 201-203, 2011-08-11"
64,"マツコ・デラックス""初恋のいとこ""が明かした「3歳で36キロ」 (疑惑追及ワイド 「黒い白鳥」は誰だ)",,"週刊文春 53(26), 142-143, 2011-06-30"
65,初恋の君はドッペルゲンガー? (特集 名探偵はだれだ? 競作 推理物語),香西 美保,"児童文芸 57(3), 18-25, 2011-06"
66,自分との戦いに挑む年 氷川きよし 初恋のあの子を思い出しながら……,氷川 きよし,"婦人公論 96(8), 76-81, 2011-04-07"
67,郷愁の射程-嵯峨の屋おむろ「初恋」論-,黒澤 祐司,"日本文芸論叢 (20), 1-10, 2011-03-31"
68,男女 「ラブ活」勝者の法則--なぜ? 初恋相手から突然のメール/元カノ、元カレを安易に探さない/一番いい写真を掲載しない (特集 フェイスブックが動かす世界),"野村 昌二,木村 恵子,諏訪 満里子","アエラ 24(9), 22-24, 2011-03-07"
69,国語教科書における『たけくらべ』--「淡い初恋の物語」からの脱却,倉本 綾,"近代文学 第二次 研究と資料 5, 268-282, 2011-03"
70,書評 李泳采著『韓流がつたえる現代韓国--「初恋」からノ・ムヒョンの死まで』,権 香淑,"アジア研究 57(1), 76-78, 2011-01"
71,穴あきエフの初恋祭り,多和田 葉子,"文學界 65(1), 24-35, 2011-01"
72,李 泳采著 『韓流がつたえる現代韓国―「初恋」からノ・ムヒョンの死まで』,権 香淑,"アジア研究 57(1), 76-78, 2011"
73,藤村の「初恋」と伊勢物語,松原 秀江,"大手前大学論集 (12), 109-128, 2011"
74,"同窓会不倫--中高年の「初恋」が実るとき--高齢者にとっては心の空洞を埋める""擬似不倫""に",,"月刊テ-ミス 19(10), 106-107, 2010-10"
75,演劇時評(第10回)ザ・キャラクター 佐倉義民傳 アット・ホーム・アット・ザ・ズー 峯の雪 夢の痂 麦の穂の揺れる穂先に モリー先生との火曜日 お岩幽霊〜ぶゑのすあいれす〜 キャンディード CHICAGO ドリームガールズ -初恋 つちのこ 水/ブリキの町で彼女は海を見つけられたか 三人姉妹 アンダーグラウンド,"河合 祥一郎,山口 宏子","悲劇喜劇 63(9), 46-73, 2010-09"
76,史談往来/北から南から 龍馬初恋の人と称される平井加尾,竹村 紘一,"歴史研究 52(7・8), 12-14, 2010-07"
77,婚約者さな、初恋の人かお、妻おりょう 龍馬をめぐる女たち (特集 坂本龍馬の江戸東京を歩く),一坂 太郎,"東京人 25(8), 52-57, 2010-06"
78,堀北真希 「スポンサー安心女優」の初恋 (追跡ワイド この女のナゾを解く!),,"週刊文春 52(18), 165, 2010-05-06"
79,中国における少数民族を描いた中国映画--『ココシリ』『トゥヤーの結婚』『雲南の少女 ルオマの初恋』『雲南の花嫁』,板谷 俊生,"北九州市立大学国際論集 (8), 1-26, 2010-03"
80,恋電車 (特集 競作「初恋」) -- (中学生向け),大塚 篤子,"児童文芸 56(1), 70-75, 2010-02"
81,青いバトン (特集 競作「初恋」) -- (中学生向け),秋本 美那,"児童文芸 56(1), 64-69, 2010-02"
82,ガールズ・フィーリング (特集 競作「初恋」) -- (中学生向け),秋木 真,"児童文芸 56(1), 58-63, 2010-02"
83,君の横顔 (特集 競作「初恋」) -- (中学生向け),光丘 真理,"児童文芸 56(1), 52-57, 2010-02"
84,中学生向け (特集 競作「初恋」),,"児童文芸 56(1), 52-75, 2010-02"
85,きゃあああ! (特集 競作「初恋」) -- (高学年向け),計良 ふき子,"児童文芸 56(1), 42-45, 2010-02"
86,がんばれよ! (特集 競作「初恋」) -- (高学年向け),山口 としこ,"児童文芸 56(1), 38-41, 2010-02"
87,ブレイバー オブ エバーグリーン (特集 競作「初恋」) -- (高学年向け),高橋 真理子,"児童文芸 56(1), 34-37, 2010-02"
88,マーガレット、マーガレット、マーガレット! (特集 競作「初恋」) -- (高学年向け),原田 乃梨,"児童文芸 56(1), 30-33, 2010-02"
89,初恋の法則・その1 (特集 競作「初恋」) -- (高学年向け),たから しげる,"児童文芸 56(1), 26-29, 2010-02"
90,高学年向け (特集 競作「初恋」),,"児童文芸 56(1), 26-45, 2010-02"
91,幼年向け (特集 競作「初恋」),,"児童文芸 56(1), 18-25, 2010-02"
92,特集 競作「初恋」,,"児童文芸 56(1), 18-75, 2010-02"
93,"初恋についての探索的研究--年中児,年長児,短大生の比較を通して",中尾 達馬,"山口芸術短期大学研究紀要 42, 27-35, 2010"
94,エドガー・アラン・ポーとウラジーミル・ナボコフにおける回想と記憶のポリティクス--「アナベル・リー」、「初恋」、『ロリータ』をめぐって,"加藤 雄二,カトウ ユウジ,KATO Yuji","東京外国語大学論集 (81), 97-111, 2010"
95,大橋のぞみちゃん「お小遣いは月400円、貯金も400円になっちゃった」 「チョー人気子役」大研究--加藤清史郎クン、まえだまえだ…お小遣い、学校生活から初恋まで,,"週刊文春 51(41), 144-147, 2009-10-29"
96,Monthly Pickup 田中哲弥『猿駅/初恋』,田中 哲弥,"SFマガジン 50(5), 228-230, 2009-05"
97,今月の角川文庫編集長 島本理生--初恋をイメージする六冊の文庫,"島本 理生,瀧井 朝世","本の旅人 15(3), 2-13, 2009-03"
98,「金正日の病状」「金日成の初恋」を伝えた「脱北知識人」雑誌 (ワイド クラッシュ),,"週刊新潮 53(45), 51-52, 2008-11-27"
99,ジャバの初恋,橘 豪三,"Isotope news (654), 27, 2008-10-01"
100,秦恒平「初恋」論--連鎖する面影のなかで,永栄 啓伸,"皇学館論叢 41(4), 1-26, 2008-08"
101,初恋,海猫沢 めろん,"新潮 105(7), 96-107, 2008-07"
102,本間中将の初恋,谷口 真弓,"文芸春秋 86(1), 78-80, 2008-01"
103,初恋についての探索的研究:－年中児，年長児，短大生の比較を通して－,中尾 達馬,"日本心理学会大会発表論文集 72(0), 3AM015-3AM015, 2008"
104,オンリーワン企業にみる戦略と執念 小さな大企業(60)心残りの解決をサポートする判明率95%の調査会社--初恋の人探します社(大阪府大阪市),宇恵 義人,"先見経済 53(22), 36-38, 2007-12-01"
105,初めての殺人は初恋のようなもの--ロシア 14年間で近隣住民ら60人以上を殺したと語る連続殺人犯の心の闇,,"ニューズウィーク 22(42), 26-27, 2007-11-07"
106,本好き人好き(215)山本権兵衛伯の初恋--覆面子『屑屋の籠』 三宅花圃『その日その日』,谷沢 永一,"國文學 : 解釈と教材の研究 52(9), 156-159, 2007-08"
107,おとなの迷路(第1回)遅れてきた初恋 「婚外純愛」を求める人々,石川 結貴,"サンデ-毎日 86(19), 60-63, 2007-05-06"
108,チアン・チアルイ監督『雲南の少女 ルオマの初恋』,章 家瑞,"シネ・フロント (354), 44-47, 2007-05"
109,田山花袋「初恋の人」に顕された《自然主義》 「わすれ水」になされた「雲中語」評を手がかりとして,高橋 博美,"花袋研究学会々誌 (25), 53-62, 2007-03"
110,宮沢賢治の初恋と短歌--不可解な歌をめぐって,池川 敬司,"国文学 (91), 213-223, 2007-03"
111,初恋ツアー,角田 光代,"すばる 29(1), 52-64, 2007-01"
112,曖昧な「私」の誕生--ベケット『初恋』における幻想・空間・境界線,菊池 慶子,"早稲田大学大学院文学研究科紀要. 第2分冊 53, 113-123, 2007"
113,掲載シナリオ 監督・塙幸成 原作・中原みすず 初恋,"塙 幸成,市川 はるみ,鴨川 哲郎","シナリオ 62(8), 25-55, 2006-08"
114,キネ旬チョイス「初恋」,,"キネマ旬報 (1459), 68-70, 2006-06"
115,随想 初恋談義,藤原 昇,"逓信協会雑誌 (1138), 46-49, 2006-03"
116,有地先生の「初恋」 (大竹秀男 有地亨先生追悼特集),伊藤 昌司,"比較家族史研究 (21), 107-110, 2006"
117,『初恋--若菜集より』〔楽譜〕,高橋 正道,"清泉女学院短期大学研究紀要 (25), 71-83, 2006"
118,勝利者学--成功の要因を知る(第3回)〈初恋の味〉を開発した「飲料界のパイオニア」 それはあたかも不老長寿の霊薬にでも遭遇した印象さえ受けた,相川 信彦,"先見経済 (2541), 22-24, 2005-11-04"
119,小川範子 年の差結婚報告 13歳で出会った初恋の人と愛を貫く幸せ,小川 範子,"婦人公論 90(18), 66-69, 2005-09-07"
120,辻井喬特別インタビュー 断ちがたい初恋、消えない戦争,"辻井 喬,由里 幸子","一冊の本 10(4), 5-12, 2005-04"
121,51歳小林幸子初恋人「お披露目パーティ」 (ワイド 芸能目撃スクープ5連発),,"週刊ポスト 37(8), 38-39, 2005-02-25"
122,岡本流生 初恋の眼差しを彫る (巻頭特集 よみがえる伝統木版画) -- (伝統からの出発),,"版画芸術 34(2), 68-71, 2005"
123,6. 最初期遺伝子Arcを用いたフェロモン記憶機構の解析(<総説特集>ケミカルコミュニケーションの世界),松岡 勝人,"日本味と匂学会誌 12(1), 39-46, 2005"
124,特集 キャロルの初恋 作品分析 アメリカで生まれ育ち、スペイン内戦下を生きたひとりの少女の物語,,"シネ・フロント (331), 12-18, 2004-12"
125,磯村一路監督、自作を語る 母親の愛情につつまれ育った少年と、幼なじみの少女の初恋を描くファンタジー (特集 雨鱒の川),磯村 一路,"シネ・フロント (330), 16-21, 2004-11"
126,まなざしのむかうところ(11)Uさんの初恋,河瀬 直美,"群像 59(11), 342-347, 2004-11"
127,"""サンヒョク""のシャイな素顔 僕の初恋も悲しい結末でした","パク ヨンハ,平林 理恵","婦人公論 89(16), 148-151, 2004-08-22"
128,"アノネ,フクロウ所長様!?--所長と保健師紀久香のおとぼけメールボックス(18)潮騒は初恋の切なさ","森埜 福朗,名園 紀久香","保健師ジャーナル 60(6), 588-592, 2004-06"
129,退院少年A医療少年院レポート 完治のサインは院内の初恋と「性」,草薙 厚子,"週刊文春 46(12), 31-33, 2004-03-25"
130,くだものの歌--あの頃、そして今(13)初恋,土屋 七郎,"果実日本 59(1), 93-95, 2004-01"
131,神戸児童連続殺傷 退院目前少年A 医療少年院矯正日記(2)院内での初恋と失恋,草薙 厚子,"週刊文春 45(44), 36-39, 2003-11-13"
132,映画に学ぶ社会と人生(7)私の好きなラブ・ロマンスの名画--『逢びき』『終着駅』『無法松の一生』『蒲田行進曲』『少女の髪どめ』『初恋のきた道』,愛知 松之助,"人権と部落問題 55(12), 53-57, 2003-10"
133,母の初恋,荒川 〔レイ〕子,"民主文学 (456), 48-59, 2003-10"
134,「書きたくなる」授業を目指して--島崎藤村「初恋」の授業実践報告,山内 康宏,"沖縄国際大学語文と教育の研究 (4), 13-22, 2003-03"
135,原初の愛の内なる風土を求めて : ジョン・クレア覚書き,松下 千吉,"サピエンチア : 英知大学論叢 37, 1-25, 2003-02-28"
136,新美南吉と木本咸子--初恋の女性とその周辺,遠山 光嗣,"新美南吉記念館研究紀要 (10), 75-101,図巻頭1p, 2003"
137,恋と権力--ツルゲーネフの『初恋』について,草野 慶子,"ロシア文化研究 (10), 1-13, 2003"
138,島崎藤村の詩による歌曲集「初恋」〔楽譜〕,小玉 好行,"県立広島女子大学子ども文化研究センター研究紀要 8, 1-111, 2003"
139,「裸の女王様」のヒショヒショ話 田中真紀子秘書実名対談 初恋の人の死とマル秘新党計画--穂苅氏に続き新たな「告発者」が,"松田 史朗,鈴木 圭一,穂苅 英嗣","週刊文春 44(44), 168-171, 2002-11-14"
140,重松清の「ちくメロ放送局」(20)テーマ 初恋 オクラホマ・ミキサー(後編),重松 清,"週刊ポスト 34(41), 81-85, 2002-10-11"
141,重松清の「ちくメロ放送局」(19)テーマ 初恋 オクラホマ・ミキサー(前編),重松 清,"週刊ポスト 34(40), 77-81, 2002-10-04"
142,重松清の「ちくメロ放送局」(18)テーマ 初恋 22才の別れ,重松 清,"週刊ポスト 34(39), 79-83, 2002-09-27"
143,重松清の「ちくメロ放送局」(17)テーマ 初恋,重松 清,"週刊ポスト 34(37), 77-79, 2002-09-20"
144,再検証・横浜トリエンナーレ2001 「恋する美術」だった。(1)子どもたちの初恋,白坂 ゆり,"美術手帖 54(818), 152-158, 2002-04"
145,モイシェ・ナディル:「初恋」,"Nadir Moishe,今井 真樹子 [訳]","シュレミール (1), 77-87, 2002"
146,今日から産休に入ります 初恋の人と、鹿児島でつむぐ幸せの形 (特集 年を重ねて美しく生きる),国生 さゆり,"婦人公論 86(23), 44-46, 2001-12-07"
147,中国映画の歩んだ道--映画大学における講演より (特集 初恋のきた道),富 瀾,"シネ・フロント 26(1), 18-23, 2001-12"
148,『初恋のきた道』と最近の中国映画 (特集 初恋のきた道),石子 順,"シネ・フロント 26(1), 14-17, 2001-12"
149,特集 初恋のきた道,,"シネ・フロント 26(1), 12-23, 2001-12"
150,ホッ!とインタビュー 服部学園理事長・服部栄養専門学校校長 服部幸應--お袋の味は初恋の味。できるだけかみしめさせてあげてほしい,"服部 幸應,上垣内 伸子","こども未来 (362), 31-33, 2001-11"
151,50歳で初恋気分--私の結婚報告 (特集 恋はいつでも始められる),山本 リンダ,"婦人公論 86(15), 32-35, 2001-08-07"
152,VIDEO&DVDシアター DVDコレクション(6)チャン・イーモウ特選「初恋のきた道」「あの子を探して」,"萩尾 瞳,野村 正昭","キネマ旬報 (1338), 168-171, 2001-08"
153,文化・歴史 近代日本の起業家たち(第16回)蒙古から来た「初恋の味」カルピスをつくった男 三島海雲(みしま・かいうん),鹿島 茂,"Φ (139), 52-55, 2001-04"
154,大ヒット中国初恋映画にオジサマたちが泣く! (ワイド 情報の本生、ただいま出荷中!),,"週刊朝日 106(14), 173-174, 2001-03-30"
155,愛する源氏物語(15)夕霧の初恋,俵 万智,"文芸春秋 79(3), 257-260,図中付1p, 2001-03"
156,3倍体LAハイブリッドユリ品種'ゆうこの初恋'の育成,"岡田 昌久,新田 益男,松本 満夫","高知県農業技術センター研究報告 = Bulletin of the Kochi Agricultural Research Center (10), 27-32, 2001-03"
157,大人になった僕が初恋の君に出す手紙 (手紙の文章教室),みうら じゅん,"小説tripper : トリッパー 2001(冬季), 178-181, 2001"
158,リレー対談 21世紀の食のあり方を求めて 初恋の味から21世紀の健康作りへ,"越智 宏倫,武藤 高義","Food style 21 4(12), 31-38, 2000-12"
159,島崎藤村「初恋」について,青井 成仁,"解釈 46(11・12), 49-53, 2000-11"
160,水のこぼれ話(49)初恋,秋山 キャロル・ホイ,"浄化槽 (295), 50-53, 2000-11"
161,私の新刊『悪ガキコンビ初恋大作戦』辻邦--わたしの「東京」物語,辻 邦,"こどもの本 26(10), 2, 2000-10"
162,田中真紀子大研究 その実像と金脈(総集編)初恋、年収、夫婦仲… マル秘エピソード公開,,"週刊宝石 20(34), 184-187, 2000-09-21"
163,音楽で逢いましょう(5)初恋のメンデルスゾーン(後篇),山本 益博,"音楽の友 58(5), 52-54, 2000-05"
164,新・値段考(47)初恋の人を捜してほしい--「探偵」に頼むと何万円くらいかかる?,高橋 孝輝,"たしかな目 (165), 20-23, 2000-04"
165,連載 音楽で逢いましょう(4)初恋のメンデルスゾーン(前編),山本 益博,"音楽の友 58(4), 36-38, 2000-04"
166,劇評 悪夢で会いましょう(唐組=秘密の花園、MONO=--初恋、維新派=水街、PM/飛ぶ教室=水嶋さんのストライキ),岡野 宏文,"テアトロ (690), 62-65, 2000-01"
167,黄金座の物語(8)『絹代の初戀』,太田 和彦,"本の窓 22(4), 26-33, 1999-05"
168,MIND SCAPE 初恋は、つづく。,,"セキュリタリアン (481), 1, 1999-01"
169,日本人百景(2)ペドロの初恋の相手は…,村上 アラン 英介,"世界週報 79(38), 44-47, 1998-10-20"
170,"外国映画紹介--アサシンズ,ウワサの真相 ワグ・ザ・ドッグ,スフィア,絶体×絶命,ツイン・タウン,バタフライ・キス,初恋,ベルニ-",,"キネマ旬報 (1259), 213-218, 1998-07"
171,わたしの昭和史(第31回)初恋,西尾 幹二,"正論 (310), 208-221, 1998-06"
172,モラエスの生涯(4)--初恋の人マリア・イザベル,岡村 多希子,"東京外国語大学論集 (56), 39-56, 1998-03"
173,"The Mill on the Flossにおける""Maggie Tries To Run Away from Her Shadow""の章をめぐる一考察",渡部 和子,"サイコアナリティカル英文学論叢 1998(19), 15-28,44, 1998"
174,"座談会 空想美少女をめぐる妄想座談会(2) (空想美少女読本--モニタ-画面で出会った,禁断の初恋女性100人)",,"別冊宝島 (349), 148-150, 1997-12"
175,"究極の美少女は可能世界に棲む (空想美少女読本--モニタ-画面で出会った,禁断の初恋女性100人)",石野 環,"別冊宝島 (349), 220-223, 1997-12"
176,"座談会 空想美少女をめぐる妄想座談会(1) (空想美少女読本--モニタ-画面で出会った,禁断の初恋女性100人)",,"別冊宝島 (349), 91-93, 1997-12"
177,"富野由悠季の女たち (空想美少女読本--モニタ-画面で出会った,禁断の初恋女性100人)",友沢 よしひろ,"別冊宝島 (349), 64-69, 1997-12"
178,"二人の聖母 メ-テルとクラリスはなぜ理想の女となったのか (空想美少女読本--モニタ-画面で出会った,禁断の初恋女性100人)",斎田 亨彦,"別冊宝島 (349), 39-44, 1997-12"
179,"紅一点!正統派ヒロイン (空想美少女読本--モニタ-画面で出会った,禁断の初恋女性100人)",,"別冊宝島 (349), 196-217, 1997-12"
180,"薄幸の運命(さだめ)の下に (空想美少女読本--モニタ-画面で出会った,禁断の初恋女性100人)",,"別冊宝島 (349), 178-193, 1997-12"
181,"キミが元気でいてくれるなら (空想美少女読本--モニタ-画面で出会った,禁断の初恋女性100人)",,"別冊宝島 (349), 152-174, 1997-12"
182,"自立するオトナの女 (空想美少女読本--モニタ-画面で出会った,禁断の初恋女性100人)",,"別冊宝島 (349), 132-147, 1997-12"
183,"ダ-ク系という魔力 (空想美少女読本--モニタ-画面で出会った,禁断の初恋女性100人)",,"別冊宝島 (349), 96-109, 1997-12"
184,"手のかかる美女 (空想美少女読本--モニタ-画面で出会った,禁断の初恋女性100人)",,"別冊宝島 (349), 74-90, 1997-12"
185,"おねえさまと呼ばせて (空想美少女読本--モニタ-画面で出会った,禁断の初恋女性100人)",,"別冊宝島 (349), 48-63, 1997-12"
186,"キミを守りたい! (空想美少女読本--モニタ-画面で出会った,禁断の初恋女性100人)",,"別冊宝島 (349), 22-38, 1997-12"
187,"空想美少女読本--モニタ-画面で出会った,禁断の初恋女性100人",,"別冊宝島 (349), 1-235, 1997-12"
188,「初恋ダイエットスリッパ」大当たり (特集 35歳からの自分探し),熊谷 由子,"婦人公論 82(13), 134-139, 1997-12"
189,志賀直哉と里見[トン]との絶交とその経緯(一):『母と子』及び『晩い初恋』の成立過程,大西 貢,"愛媛大学法文学部論集. 人文学科編 3, 1-41, 1997-08-28"
190,初恋の人に嫁ぐバツイチ花嫁 清原和博は「第2の広沢」になる,,"週刊現代 38(45), 54-56, 1996-11-30"
191,バ-ジン大統領の初恋--ホワイトハウス夫婦の一生-9-,ムルハ-ン 千栄子,"中央公論 111(12), 246-256, 1996-10"
192,本のある自伝(4)初恋,辻井 喬,"本 21(9), 4-9, 1996-09"
193,龍ちゃんの初恋人,遠山 美知,"日本病院会雑誌 = Journal of Japan Hospital Association 43(8), 1320, 1996-08-01"
194,"朱暁平著 杉本達夫訳, 縛られた村, 1994年, 260頁, 2,718円 / 池莉著 田畑佐和子訳, 初恋, 早稲田大学出版会, 1994年, 230頁, 2,524円",秋山 洋子,"中国研究月報 48(11), 53-54, 1994-11-25"
195,初恋の味忘れ難く-魅せられて38年 (最終講義),本間 守男,"神戸大学医学部神緑会学術誌 (10), 37-39, 1994-06"
196,ひと恋ひ歳時記-1-初恋,高橋 治,"俳句 43(2), p14-17, 1994-02"
197,ベケットの四六年の短編小説,斎藤 信平,"山梨英和短期大学紀要 26(0), 59-68, 1992"
198,<初恋>のかたち--三島由紀夫「潮騒」のプロットと語り手 (近代文学と「語り」<特集>) -- (近代文学作品と「語り」の位相),佐藤 秀明,"国文学解釈と鑑賞 56(4), p138-144, 1991-04"
199,戦争と初恋 : 「自分史」の魅力,"鈴木 敬司,Keiji Suzuki","中央学院大学教養論叢 = The Chuo-Gakuin University Review of Faculty of Liberal Arts 4(1), 171-180, 1991-03-31"
200,巨人と少年--黒沢明の女性論-2-<少年>の初恋,尾形 敏朗,"キネマ旬報 (1050), p143-147, 1991-01-15"
201,ゴッホ 初恋と黒衣の女と (ゴッホ--渦巻く絵画--没後100年<特集>),藤村 信,"ユリイカ 22(13), p68-88, 1990-12"
202,戦争と初恋--自分史の迫力,鈴木 敬二,"知識 (108), p218-225, 1990-11"
203,藤村の初恋,"藤沢 道郎,Michio Fujisawa","桃山学院大学人文科学研究 25(2), p107-123, 1990-01"
204,秦恒平「初恋」論(下),原 善,"作新学院女子短期大学紀要 12, 69-91, 1988-12"
205,三島由紀夫の世界-3-初恋,村松 剛,"新潮 85(10), p261-275, 1988-10"
206,"寺山修司論-9-映画 映画少年の形成あるいは,「初恋・地獄編」",高取 英,"詩学 43(10), p48-53, 1988-10"
207,秦恒平「初恋」論(上)(創立20周年記念号),原 善,"作新学院女子短期大学紀要 11, 85-105, 1987-11"
208,「野菊の墓」成立に関する比較文学試論--嵯峨の屋御室「初恋」を媒介としたロシア文学への志向,永塚 功,"語文 (68), p22-28, 1987-06"
209,「初恋」題詠歌考,佐藤 明浩,"詞林 (1), 11-25, 1987-03-25"
210,島崎藤村「初恋」 (詩--リズム・イメ-ジ・意味<特集>) -- (詩と表現--受容の系譜のなかで),三好 行雄,"国文学 解釈と教材の研究 32(3), p34-36, 1987-03"
211,柳がれいの味初恋の思い出(縁は異なもの-12-),"小柳 仁,桜井 洋子","中央公論 101(14), p234-237,図p140〜141, 1986-12"
212,リオの祭りで会った初恋の人,林 真理子,"文芸春秋 64(4), p326-331, 1986-04"
213,"アマゾン源流 文明と闘うインディオ一家の記録--トウチャン森に隠れろ-5-オルキ-ディア""色男""との初恋",関野 吉晴,"朝日ジャ-ナル 27(38), p61-65, 1985-09-20"
214,"「瀬降り物語」のロケ現場を訪ねて--中島貞夫監督,初恋の相手にめぐり逢う",高野 貴行,"キネマ旬報 (903), p80-84, 1985-02-01"
215,藤村詩考--「初恋」をめぐって,垣田 時也,"甲南女子大学研究紀要 (創立20周年記念号), p780-766, 1984"
216,詩の鑑賞の一方法としてのノ-ト作業--島崎藤村「初恋」の授業をめぐって,高見 よ志子,"金沢大学語学・文学研究 (10), p44-49, 1980-02"
217,賢治の初恋と「まことの恋」 : 『ガドルフの百合』を中心に,多田 幸正,"日本文学 29(11), 53-66, 1980"
218,"読書鼎談--黒井千次「五月巡歴」,高橋三千綱「彼の初恋」","阿部 昭,上田 三四二,和田 芳恵","文芸 16(5), p266-286, 1977-05"
219,大正3年の芥川竜之介--その初恋をめぐっての新事実 (芥川竜之介--新しい評価軸を求めて) -- (芥川・再検討への視点),森 啓祐,"国文学 解釈と教材の研究 22(6), p164-169, 1977-05"
220,"原点へのこだわり--黒井千次「五月巡歴」,大庭みな子「浦島草」,高橋三千綱「彼の初恋」,中村昌義「静かな日」,井伏鱒二「スガレ追ひ」(新著月評)",上田 三四二,"群像 32(5), p382-388, 1977-05"
221,初恋の文学,木村 毅,"文林 = Bunrin (9), 1-22, 1975-03-20"
222,オーウェルの初恋,奥山 康治,"英語青年 120(6), 20-21, 1974-09"
223,ディケンズ小伝-4-初恋の頃,藤村 公輝,"外国文学研究 (26), 63-78, 1973-03"
224,初恋の花紐--抒情の変幻形態,清水 映二,"早稲田文学 〔第7次〕 3(12), 32-43, 1971-12"
225,初恋の故郷なつかし,"大岡 昇平,水上 勉","潮 (142), 246-253, 1971-08"
226,初恋は遠し(東門居句手帖),永井 竜男,"潮 (137), 304-311, 1971-03"
227,"わがゲバラ伝-2-初恋,そしてアマゾンの旅……",三好 徹,"文芸春秋 48(6), 296-308, 1970-06"
228,孝標女の初恋の人は「雫に濁る人」か,稲賀 敬二,"国語と国文学 45(12), 9-19, 1968-12"
229,サイケデリックな世界--「ベトナムから遠く離れて」「白昼の幻想」「初恋・地獄篇」「燃えつきた地図」(時評=状況'68・映画),関根 弘,"新日本文学 23(7), 160-165, 1968-07"
230,青春の皮むき作業--初恋地獄篇,渡辺 淳,"映画評論 25(7), 64-67, 1968-07"
231,「母の初恋」をめぐる一つの推論,川嶋 至,"国語国文研究 (36), 75-83, 1967-02"
232,藤村「初恋」考,栂瀬 良平,"国語研究 (17), 30-34, 1966-07"
233,ホフマンの初恋(承前)--浪曼的心情の一解釈,吉田 六郎,"人文学報 (55), 16-35, 1966-05"
234,ホフマンの初恋(承前)--浪曼的心情の一解釈,吉田 六郎,"人文学報 (49), ????, 1965-07"
235,ホフマンの初恋--浪曼的心情の一解釈,吉田 六郎,"人文学報 (38), ????, 1964-03"
236,「ソヴィエト的人間」と「日本的人間」との接点--「イルクーツク物語」と「初恋」を中心に(座談会)-1-,木下 順二 [他],"悲劇喜劇 17(7), ????, 1963-06"
237,大衆性の所在点(対談劇評)--演劇座ほか「爆裂弾記」東京芸術座「忍びの者」民芸「初恋」,茨木 憲 [他],"悲劇喜劇 17(4), ????, 1963-03"
238,偽りの対立--民芸関西公演「初恋」,喜志 哲雄,"新劇 10(3), ????, 1963-02"
239,『初恋』について : 嵯峨の屋おむろノート(3),杉崎 俊夫,"智山学報 11(0), 85-98, 1963"
240,里見〔トン〕--「善心悪心」「晩い初恋」,村松 定孝,"國文學 : 解釈と教材の研究 7(3), 108-113, 1962-02"
241,芥川竜之介のいはゆる〔初恋〕--(未定稿断片),葛巻 義敏,"図書 (101), 12-15, 1958-02"
242,わが美神への初恋,平野 政吉,"文芸春秋 33(22), ????, 1955-12"
243,蘆花の初恋,田中 純,"小説新潮 9(7), 108-116, 1955-05"
244,初恋の女,芹沢 光治良,"小説新潮 9(3), 210-218, 1955-02"
245,北原白秋初恋の人,長谷 健,"人物往来 3(11), 48-51, 1954-11"
246,羽左衛門初恋--羽左と洗髪おつま,村松 梢風,"小説新潮 7(8), 32-46, 1953-06"
247,英文学note-1-初恋,西村 孝次,"あるびよん (10), 53-60, 1952-01"
248,初恋の乙女のごとく--画壇民主化と日本美術会,,"アトリエ (281), 59-60, 1950-06"
249,初恋問答--日本映画批評,登川 直樹,"キネマ旬報 (76), 67-68, 1950-02"
